-3.196665886562460868e-01,-5.587348321340571689e-01,3.320356434326191541e-01,0.000000000000000000e+00,0.000000000000000000e+00,-0.000000000000000000e+00,0.000000000000000000e+00,0.000000000000000000e+00,-0.000000000000000000e+00,-2.930935190293443293e-01,2.268630014728894029e-01,2.035072063877974013e-02,5.000000000000000000e-01,5.000000000000000000e-01,5.000000000000000000e-01,5.000000000000000000e-01,5.000000000000000000e-01,5.000000000000000000e-01,-2.930935190293443293e-01,2.268630014728894029e-01,2.035072063877974013e-02,5.000000000000000000e-01,5.000000000000000000e-01,5.000000000000000000e-01,5.000000000000000000e-01,5.000000000000000000e-01,5.000000000000000000e-01,-5.421980648718294216e-01,-4.469899788099523930e-01,3.687705643333260008e-01,3.711937286172956041e-01,-3.196665886562460868e-01,-5.587348321340571689e-01,3.320356434326191541e-01,-5.421980648718294216e-01,-4.469899788099523930e-01,3.687705643333260008e-01,9.990000000000000000e+02,-7.688769102096557617e-01,9.779777610674500465e-04,2.039010077714920044e-01
-3.328934014905982064e-01,-5.577571417307403134e-01,3.327984635173762973e-01,-3.122493149169524584e-01,1.575166730742834711e-02,1.154572096631693440e-01,0.000000000000000000e+00,0.000000000000000000e+00,-0.000000000000000000e+00,-2.813266238867920821e-01,2.228461386088368412e-01,2.102658809165014464e-02,5.000000000000000000e-01,5.000000000000000000e-01,5.000000000000000000e-01,5.000000000000000000e-01,5.000000000000000000e-01,5.000000000000000000e-01,-2.798667061949922097e-01,2.258853110695725475e-01,1.958790055402259700e-02,5.000000000000000000e-01,5.000000000000000000e-01,5.000000000000000000e-01,5.000000000000000000e-01,5.000000000000000000e-01,5.000000000000000000e-01,-5.421980648718294216e-01,-4.469899788099523930e-01,3.687705643333260008e-01,3.595096496718626078e-01,-3.328934014905982064e-01,-5.577571417307403134e-01,3.327984635173762973e-01,-5.421980648718294216e-01,-4.469899788099523930e-01,3.687705643333260008e-01,9.990000000000000000e+02,-7.791882753372192383e-01,6.610848475247621536e-03,2.219235301017761230e-01
-3.463285468999969252e-01,-5.566295587270052581e-01,3.338223380101779103e-01,-3.123166944456875482e-01,1.914323870735252023e-02,1.115367896688069238e-01,-3.122493149169524584e-01,1.575166730742834711e-02,1.154572096631693440e-01,-2.438607763483359170e-01,2.053470963594348775e-01,2.396153541159562472e-02,-3.768710240891499641e-01,2.746471536698521509e-01,2.155819342590709065e-02,5.000000000000000000e-01,5.000000000000000000e-01,5.000000000000000000e-01,-2.678914784773933633e-01,2.217185556051017858e-01,2.000271359884853162e-02,-4.027319110220893839e-01,2.873702169686235264e-01,1.718897740496816429e-02,5.000000000000000000e-01,5.000000000000000000e-01,5.000000000000000000e-01,-5.421980648718294216e-01,-4.469899788099523930e-01,3.687705643333260008e-01,3.197024607408352481e-01,-3.463285468999969252e-01,-5.566295587270052581e-01,3.338223380101779103e-01,-5.421980648718294216e-01,-4.469899788099523930e-01,3.687705643333260008e-01,9.990000000000000000e+02,-7.556493282318115234e-01,-2.246460132300853729e-02,6.871782988309860229e-02
-3.598327789105143504e-01,-5.562965125192627092e-01,3.335206942022055365e-01,-2.971024108468446889e-01,1.115054078850836973e-03,5.365625418318367701e-02,-3.123166944456875482e-01,1.914323870735252023e-02,1.115367896688069238e-01,-2.184014012005111027e-01,1.887342180430620631e-01,2.798488643873781045e-02,-3.498596202437568303e-01,2.609074675466719340e-01,2.486099430428395651e-02,5.000000000000000000e-01,5.000000000000000000e-01,5.000000000000000000e-01,-2.303565443378184918e-01,2.050140501516923286e-01,2.426317921956799850e-02,-3.633667920786325389e-01,2.743141074621096021e-01,2.185983723387946442e-02,5.000000000000000000e-01,5.000000000000000000e-01,5.000000000000000000e-01,-5.421980648718294216e-01,-4.469899788099523930e-01,3.687705643333260008e-01,2.900050533622849924e-01,-3.598327789105143504e-01,-5.562965125192627092e-01,3.335206942022055365e-01,-5.421980648718294216e-01,-4.469899788099523930e-01,3.687705643333260008e-01,9.990000000000000000e+02,-7.422078847885131836e-01,7.499375380575656891e-03,1.575795114040374756e-01
-3.728913239030840487e-01,-5.551279506913961992e-01,3.338742124764255137e-01,-2.919672522061221853e-01,1.379376118113365482e-02,9.841292658539931015e-02,-2.971024108468446889e-01,1.115054078850836973e-03,5.365625418318367701e-02,-2.077629289935011836e-01,1.833330562926905327e-01,2.786946708506293779e-02,-3.368010752511871320e-01,2.597389057188054240e-01,2.450747603006397934e-02,5.000000000000000000e-01,5.000000000000000000e-01,5.000000000000000000e-01,-2.053428562079414044e-01,1.875656562151955531e-01,2.763136816451783329e-02,-3.368010752511871320e-01,2.597389057188054240e-01,2.450747603006397934e-02,5.000000000000000000e-01,5.000000000000000000e-01,5.000000000000000000e-01,-5.421980648718294216e-01,-4.469899788099523930e-01,3.687705643333260008e-01,2.784836644925207660e-01,-3.728913239030840487e-01,-5.551279506913961992e-01,3.338742124764255137e-01,-5.421980648718294216e-01,-4.469899788099523930e-01,3.687705643333260008e-01,9.990000000000000000e+02,-7.136468887329101562e-01,7.920833677053451538e-02,2.478133738040924072e-01
-3.854442608111971480e-01,-5.527872574630579017e-01,3.364038369865318678e-01,-2.818072278652549167e-01,4.382732696045888582e-02,1.327167724222627632e-01,-2.919672522061221853e-01,1.379376118113365482e-02,9.841292658539931015e-02,-1.839521718895534286e-01,1.755122882079177549e-01,2.883721954851869995e-02,-3.111282221669428583e-01,2.549725735706950269e-01,2.532790538348134168e-02,5.000000000000000000e-01,5.000000000000000000e-01,5.000000000000000000e-01,-1.952099920853880843e-01,1.809923630643522352e-01,2.533984257495658365e-02,-3.242481383430740327e-01,2.573982124904671265e-01,2.197785151995762520e-02,5.000000000000000000e-01,5.000000000000000000e-01,5.000000000000000000e-01,-5.421980648718294216e-01,-4.469899788099523930e-01,3.687705643333260008e-01,2.558799524897417133e-01,-3.854442608111971480e-01,-5.527872574630579017e-01,3.364038369865318678e-01,-5.421980648718294216e-01,-4.469899788099523930e-01,3.687705643333260008e-01,9.990000000000000000e+02,-7.096620798110961914e-01,9.055235236883163452e-02,2.443741261959075928e-01
-3.979158287905311675e-01,-5.501854913241436273e-01,3.388323231736565244e-01,-2.783387803484745904e-01,4.895255688880776473e-02,1.299956366798031282e-01,-2.818072278652549167e-01,4.382732696045888582e-02,1.327167724222627632e-01,-1.733194423294868725e-01,1.700319730304208354e-01,2.620088448584367846e-02,-2.986566541876088388e-01,2.523708074317807526e-01,2.289941919635668510e-02,5.000000000000000000e-01,5.000000000000000000e-01,5.000000000000000000e-01,-1.714806039102194091e-01,1.729105220690034805e-01,2.640873336139404337e-02,-2.986566541876088388e-01,2.523708074317807526e-01,2.289941919635668510e-02,5.000000000000000000e-01,5.000000000000000000e-01,5.000000000000000000e-01,-5.421980648718294216e-01,-4.469899788099523930e-01,3.687705643333260008e-01,2.442068534866755347e-01,-3.979158287905311675e-01,-5.501854913241436273e-01,3.388323231736565244e-01,-5.421980648718294216e-01,-4.469899788099523930e-01,3.687705643333260008e-01,9.990000000000000000e+02,-6.992564797401428223e-01,1.142980828881263733e-01,2.504757344722747803e-01
-4.102138695279627933e-01,-5.471691899009043514e-01,3.415429617801254425e-01,-2.729048739080834340e-01,5.926206421273550601e-02,1.311370488818956737e-01,-2.783387803484745904e-01,4.895255688880776473e-02,1.299956366798031282e-01,-1.529037181178971583e-01,1.598876028795465087e-01,1.765749746749273319e-02,-2.755024821398331936e-01,2.462393274877123783e-01,1.406267932339533289e-02,5.000000000000000000e-01,5.000000000000000000e-01,5.000000000000000000e-01,-1.610214015920552466e-01,1.670156716071815595e-01,2.349024587937476038e-02,-2.863586134501772129e-01,2.493545060085414766e-01,2.018878058988776703e-02,5.000000000000000000e-01,5.000000000000000000e-01,5.000000000000000000e-01,-5.421980648718294216e-01,-4.469899788099523930e-01,3.687705643333260008e-01,2.219355306967756292e-01,-4.102138695279627933e-01,-5.471691899009043514e-01,3.415429617801254425e-01,-5.421980648718294216e-01,-4.469899788099523930e-01,3.687705643333260008e-01,9.990000000000000000e+02,-6.950966119766235352e-01,1.379950046539306641e-01,2.404864430427551270e-01
-4.224494608122714712e-01,-5.437761390026586428e-01,3.443006307162628232e-01,-2.700378793651437848e-01,7.016884097940120912e-02,1.223822044489186744e-01,-2.729048739080834340e-01,5.926206421273550601e-02,1.311370488818956737e-01,-1.439272526300535149e-01,1.520252821807945853e-01,1.440302956629258002e-02,-2.632668908555245157e-01,2.428462765894666697e-01,1.130501038725795215e-02,5.000000000000000000e-01,5.000000000000000000e-01,5.000000000000000000e-01,-1.406681268335884805e-01,1.564945519813008001e-01,1.489982853135535246e-02,-2.632668908555245157e-01,2.428462765894666697e-01,1.130501038725795215e-02,5.000000000000000000e-01,5.000000000000000000e-01,5.000000000000000000e-01,-5.421980648718294216e-01,-4.469899788099523930e-01,3.687705643333260008e-01,2.098432456203271901e-01,-4.224494608122714712e-01,-5.437761390026586428e-01,3.443006307162628232e-01,-5.421980648718294216e-01,-4.469899788099523930e-01,3.687705643333260008e-01,9.990000000000000000e+02,-6.939773559570312500e-01,1.542006880044937134e-01,2.348513752222061157e-01
-4.346319271018578290e-01,-5.400694367863224654e-01,3.469465347628361562e-01,-2.684811278037022020e-01,7.765258532218567711e-02,1.192710479765675263e-01,-2.700378793651437848e-01,7.016884097940120912e-02,1.223822044489186744e-01,-1.318665449872747919e-01,1.332569852928517928e-01,8.611769292286963751e-03,-2.488952056331611429e-01,2.269797668278482616e-01,4.102577704729659658e-03,-3.659238662790474939e-01,3.207025483628447304e-01,-4.066138828276444350e-04,-1.317447863404671571e-01,1.483185799644584080e-01,1.175712551971924702e-02,-2.510844245659381579e-01,2.391395743731304924e-01,8.659106340684619152e-03,-3.704240627914091588e-01,3.299605687818025768e-01,5.561087161649991284e-03,-5.421980648718294216e-01,-4.469899788099523930e-01,3.687705643333260008e-01,1.876709151322171754e-01,-4.346319271018578290e-01,-5.400694367863224654e-01,3.469465347628361562e-01,-5.421980648718294216e-01,-4.469899788099523930e-01,3.687705643333260008e-01,9.990000000000000000e+02,-2.445312291383743286e-01,6.931311488151550293e-01,8.018137216567993164e-01
-4.398249354045071779e-01,-5.284082141041182012e-01,3.589466587382032503e-01,-9.198088345943392086e-02,2.988225321602621665e-01,3.851898602251346282e-01,-2.684811278037022020e-01,7.765258532218567711e-02,1.192710479765675263e-01,-1.140201490052858979e-01,1.053244170382427458e-01,-1.150247360926226481e-03,-2.288435652786926511e-01,2.016950333119360561e-01,-6.468836866847071931e-03,-3.436669815520994042e-01,2.980656495856293664e-01,-1.178742637276791738e-02,-1.266735366846254429e-01,1.215957626106475287e-01,-3.388354683080130325e-03,-2.437021973305117939e-01,2.153185441456439975e-01,-7.897546270637434418e-03,-3.607308579763981449e-01,3.090413256806404663e-01,-1.240673785819473851e-02,-5.421980648718294216e-01,-4.469899788099523930e-01,3.687705643333260008e-01,1.552261262565828304e-01,-4.398249354045071779e-01,-5.284082141041182012e-01,3.589466587382032503e-01,-5.421980648718294216e-01,-4.469899788099523930e-01,3.687705643333260008e-01,9.990000000000000000e+02,-4.828371405601501465e-01,4.789682924747467041e-01,7.694527506828308105e-01
-4.479629911357445593e-01,-5.193134553184074464e-01,3.729260262225389533e-01,-1.973738979457690945e-01,2.154795402664322068e-01,3.109854248240396801e-01,-9.198088345943392086e-02,2.988225321602621665e-01,3.851898602251346282e-01,-9.367539688044446144e-02,8.389584363182506221e-02,-1.538652597675810307e-02,-2.060569650442708456e-01,1.830501859586685098e-01,-2.161545323354818748e-02,-3.184385332080972297e-01,2.822045282855119575e-01,-2.784438049033827189e-02,-1.058820932740485166e-01,9.622965825253199101e-02,-1.512961484526192946e-02,-2.207055095474552697e-01,1.926002745262253013e-01,-2.044820435118277491e-02,-3.355289258208620229e-01,2.889708907999186116e-01,-2.576679385710362036e-02,-5.421980648718294216e-01,-4.469899788099523930e-01,3.687705643333260008e-01,1.266899275437391725e-01,-4.479629911357445593e-01,-5.193134553184074464e-01,3.729260262225389533e-01,-5.421980648718294216e-01,-4.469899788099523930e-01,3.687705643333260008e-01,9.990000000000000000e+02,-4.572138786315917969e-01,3.582561314105987549e-01,6.385221481323242188e-01
-4.559099529596121747e-01,-5.117840521770969930e-01,3.838466505410567109e-01,-1.705056858613154258e-01,1.596167750593328882e-01,2.645078662937442315e-01,-1.973738979457690945e-01,2.154795402664322068e-01,3.109854248240396801e-01,-8.354093012315705336e-02,6.285413754380514417e-02,-1.356093322848972438e-02,-1.950355416370136985e-01,1.628968221524142446e-01,-2.133350421089635907e-02,-3.065301531508703436e-01,2.629395067610233450e-01,-2.910607519330299375e-02,-8.572843505657684604e-02,7.636644049051460881e-02,-2.630715029527586069e-02,-1.981100032204032302e-01,1.755207828173580564e-01,-3.253607755206594510e-02,-3.104915713842296143e-01,2.746751251442015040e-01,-3.876500480885602951e-02,-5.421980648718294216e-01,-4.469899788099523930e-01,3.687705643333260008e-01,1.054211957921429715e-01,-4.559099529596121747e-01,-5.117840521770969930e-01,3.838466505410567109e-01,-5.421980648718294216e-01,-4.469899788099523930e-01,3.687705643333260008e-01,9.990000000000000000e+02,-3.031598031520843506e-01,3.623887598514556885e-01,6.127607822418212891e-01
-4.613237759208874689e-01,-5.042674635502104596e-01,3.951701790057133845e-01,-1.062908930895805765e-01,1.551353725563115460e-01,2.363113895782470164e-01,-1.705056858613154258e-01,1.596167750593328882e-01,2.645078662937442315e-01,-8.063420681037813953e-02,5.257635817711786563e-02,-2.537105499602670955e-02,-1.896217186757384043e-01,1.553802335255277112e-01,-3.265703267555303269e-02,-2.986092305410986691e-01,2.581841088739375567e-01,-3.994301035507935582e-02,-7.812710716188175919e-02,5.533754891691861078e-02,-2.488446169314639800e-02,-1.896217186757384043e-01,1.553802335255277112e-01,-3.265703267555303269e-02,-3.011163301895950495e-01,2.554229181341368116e-01,-4.042960365795966737e-02,-5.421980648718294216e-01,-4.469899788099523930e-01,3.687705643333260008e-01,9.954817516518739418e-02,-4.613237759208874689e-01,-5.042674635502104596e-01,3.951701790057133845e-01,-5.421980648718294216e-01,-4.469899788099523930e-01,3.687705643333260008e-01,9.990000000000000000e+02,-2.963627278804779053e-01,3.621929883956909180e-01,5.987238883972167969e-01
-4.665554859328143178e-01,-4.967095208601751133e-01,4.061418069834952238e-01,-1.023902350187915478e-01,1.565508754549057857e-01,2.302606536502816992e-01,-1.062908930895805765e-01,1.551353725563115460e-01,2.363113895782470164e-01,-6.481018657113385428e-02,3.351250118282533830e-02,-3.315887901729469567e-02,-1.712216732858329871e-01,1.389749316015093106e-01,-4.052578239331733334e-02,-2.776331600005321198e-01,2.444373620201932829e-01,-4.789268576933997101e-02,-7.540249679845129060e-02,4.501841548708251928e-02,-3.634268297380854884e-02,-1.843900086638115554e-01,1.478222908354923648e-01,-4.362866065333487198e-02,-2.933775205291718202e-01,2.506261661839022103e-01,-5.091463833286119511e-02,-5.421980648718294216e-01,-4.469899788099523930e-01,3.687705643333260008e-01,8.014336701560295650e-02,-4.665554859328143178e-01,-4.967095208601751133e-01,4.061418069834952238e-01,-5.421980648718294216e-01,-4.469899788099523930e-01,3.687705643333260008e-01,9.990000000000000000e+02,-1.448176056146621704e-01,3.092128336429595947e-01,6.201157569885253906e-01
-4.689583639418142269e-01,-4.901874964563546766e-01,4.177177047991488257e-01,-4.309948433025848069e-02,1.364654723455656360e-01,2.341159730191047783e-01,-1.023902350187915478e-01,1.565508754549057857e-01,2.302606536502816992e-01,-6.507799157268778778e-02,2.440256332090001701e-02,-4.416638973377823296e-02,-1.688187952768330780e-01,1.324529071976888739e-01,-5.210168020897093522e-02,-2.725595989809783681e-01,2.405032510744777308e-01,-6.003697068416363747e-02,-6.240730856213394517e-02,2.699047677900490161e-02,-4.473477683294829754e-02,-1.688187952768330780e-01,1.324529071976888739e-01,-5.210168020897093522e-02,-2.752302819915322107e-01,2.379153376163728462e-01,-5.946858358499357289e-02,-5.421980648718294216e-01,-4.469899788099523930e-01,3.687705643333260008e-01,8.234864944782852025e-02,-4.689583639418142269e-01,-4.901874964563546766e-01,4.177177047991488257e-01,-5.421980648718294216e-01,-4.469899788099523930e-01,3.687705643333260008e-01,9.990000000000000000e+02,-2.413468211889266968e-01,2.974060177803039551e-01,5.855849385261535645e-01
-4.730103048202621840e-01,-4.837056696911827269e-01,4.282117964123940412e-01,-7.714615566220045517e-02,1.360422759296465722e-01,2.232683049113307616e-01,-4.309948433025848069e-02,1.364654723455656360e-01,2.341159730191047783e-01,-6.413899402612310841e-02,1.502737767434630944e-02,-5.450080207506946550e-02,-1.647668543983851208e-01,1.259710804325169242e-01,-6.259577182221615077e-02,-2.653947147706471332e-01,2.369147831906875390e-01,-7.069074156936283604e-02,-6.102605069423983064e-02,1.792073655572806734e-02,-5.466048134702344852e-02,-1.647668543983851208e-01,1.259710804325169242e-01,-6.259577182221615077e-02,-2.685076581025304110e-01,2.340214243093057811e-01,-7.053106229740885302e-02,-5.421980648718294216e-01,-4.469899788099523930e-01,3.687705643333260008e-01,8.549836291576812242e-02,-4.730103048202621840e-01,-4.837056696911827269e-01,4.282117964123940412e-01,-5.421980648718294216e-01,-4.469899788099523930e-01,3.687705643333260008e-01,9.990000000000000000e+02,-3.271743953227996826e-01,3.037056624889373779e-01,5.365704894065856934e-01
-4.785422306400129999e-01,-4.769874111241464432e-01,4.372349130421070429e-01,-1.090905491691773616e-01,1.395334788200145726e-01,2.119255768184445665e-01,-7.714615566220045517e-02,1.360422759296465722e-01,2.232683049113307616e-01,-5.037514989882418970e-02,2.837132884555559897e-04,-5.601339256952420076e-02,-1.493210186905404857e-01,1.126292264534319854e-01,-6.540491644749962807e-02,-2.482668874822567817e-01,2.249747396184084147e-01,-7.479644032547505539e-02,-5.860706820637229253e-02,8.309119107310025676e-03,-6.352391870478246716e-02,-1.592349285786343049e-01,1.192528218654806405e-01,-7.161888845192915243e-02,-2.598627889508963174e-01,2.301965246236512552e-01,-7.971385819907583770e-02,-5.421980648718294216e-01,-4.469899788099523930e-01,3.687705643333260008e-01,7.533416467783179971e-02,-4.785422306400129999e-01,-4.769874111241464432e-01,4.372349130421070429e-01,-5.421980648718294216e-01,-4.469899788099523930e-01,3.687705643333260008e-01,9.990000000000000000e+02,8.659548312425613403e-02,1.453635394573211670e-01,4.528842568397521973e-01
-4.765866845090557802e-01,-4.737063698660373134e-01,4.456329077604194167e-01,4.197948091906242990e-02,6.716525138239844150e-02,1.716136426960103156e-01,-1.090905491691773616e-01,1.395334788200145726e-01,2.119255768184445665e-01,-5.527815001448838084e-02,-5.492952034033882214e-03,-6.401426700998369412e-02,-1.512765648214977054e-01,1.093481851953228556e-01,-7.380291116581200184e-02,-2.472749796285070301e-01,2.241893224246795935e-01,-8.359155532164030955e-02,-5.233069602978140944e-02,-2.997327969653573732e-03,-6.441138728783657452e-02,-1.512765648214977054e-01,1.093481851953228556e-01,-7.380291116581200184e-02,-2.502224336132140015e-01,2.216936983602992850e-01,-8.319443504378742915e-02,-5.421980648718294216e-01,-4.469899788099523930e-01,3.687705643333260008e-01,8.475655002357024292e-02,-4.765866845090557802e-01,-4.737063698660373134e-01,4.456329077604194167e-01,-5.421980648718294216e-01,-4.469899788099523930e-01,3.687705643333260008e-01,9.990000000000000000e+02,1.058326661586761475e-01,1.114989817142486572e-01,3.208658099174499512e-01
-4.743698963738835483e-01,-4.712731274144609239e-01,4.515870649488191724e-01,4.507517811055358065e-02,4.950949863766870851e-02,1.241842973867538225e-01,4.197948091906242990e-02,6.716525138239844150e-02,1.716136426960103156e-01,-6.038435179928053342e-02,-1.018728760937370748e-02,-6.890434750651480700e-02,-1.534933529566699373e-01,1.069149427437464661e-01,-7.975706835421175755e-02,-2.466023541140593411e-01,2.240171730968666397e-01,-9.060978920190870811e-02,-5.749493814966061267e-02,-7.926194485610271734e-03,-6.996842419838344984e-02,-1.534933529566699373e-01,1.069149427437464661e-01,-7.975706835421175755e-02,-2.494917677636792619e-01,2.217560799731032040e-01,-8.954571251004006527e-02,-5.421980648718294216e-01,-4.469899788099523930e-01,3.687705643333260008e-01,9.218383739221278073e-02,-4.743698963738835483e-01,-4.712731274144609239e-01,4.515870649488191724e-01,-5.421980648718294216e-01,-4.469899788099523930e-01,3.687705643333260008e-01,9.990000000000000000e+02,1.926121301949024200e-02,1.514745205640792847e-01,2.096060365438461304e-01
-4.739225811240533326e-01,-4.682682717319345267e-01,4.555659866451766682e-01,9.030988022832382028e-03,6.122457755199035845e-02,8.241259128918526633e-02,4.507517811055358065e-02,4.950949863766870851e-02,1.241842973867538225e-01,-4.497525995613266270e-02,-3.455210836319488887e-02,-6.329099694534767728e-02,-1.360274655858554893e-01,8.409820953096919238e-02,-7.476261032692987918e-02,-2.270796712155783159e-01,2.027485274251332181e-01,-8.623422370851208107e-02,-6.083166704911074918e-02,-1.319214329190010471e-02,-7.288326920287230282e-02,-1.539406682065001530e-01,1.039100870612200689e-01,-8.373599005056925337e-02,-2.470496693638895569e-01,2.210123174143402425e-01,-9.458871089826620393e-02,-5.421980648718294216e-01,-4.469899788099523930e-01,3.687705643333260008e-01,8.498454268159405522e-02,-4.739225811240533326e-01,-4.682682717319345267e-01,4.555659866451766682e-01,-5.421980648718294216e-01,-4.469899788099523930e-01,3.687705643333260008e-01,9.990000000000000000e+02,3.421525061130523682e-01,6.072761490941047668e-02,3.070338368415832520e-01
-4.674666544478071617e-01,-4.671229680804440121e-01,4.614271644604421851e-01,1.305115175736551447e-01,2.331361703690366591e-02,1.282908816312739453e-01,9.030988022832382028e-03,6.122457755199035845e-02,8.241259128918526633e-02,-5.416764944113433566e-02,-3.770525712931110940e-02,-6.871004526579105320e-02,-1.424833922621016602e-01,8.295290587947867778e-02,-8.062378814219539613e-02,-2.307991350830689847e-01,2.036110688882684649e-01,-9.253753101859973906e-02,-5.143118663237883359e-02,-3.569741201468540348e-02,-6.915217476061319424e-02,-1.424833922621016602e-01,8.295290587947867778e-02,-8.062378814219539613e-02,-2.335355978918244868e-01,2.016032237736427035e-01,-9.209540152377759803e-02,-5.421980648718294216e-01,-4.469899788099523930e-01,3.687705643333260008e-01,9.527271897868844208e-02,-4.674666544478071617e-01,-4.671229680804440121e-01,4.614271644604421851e-01,-5.421980648718294216e-01,-4.469899788099523930e-01,3.687705643333260008e-01,9.990000000000000000e+02,2.756704986095428467e-01,6.417355686426162720e-02,2.475222498178482056e-01
-4.622836542370876711e-01,-4.659501105117303532e-01,4.662713872511002888e-01,1.045434621346890414e-01,2.426643082328831802e-02,1.016612341081169490e-01,1.305115175736551447e-01,2.331361703690366591e-02,1.282908816312739453e-01,-6.220393804891549694e-02,-4.091360233927560097e-02,-7.353331470682256121e-02,-1.476663924728211508e-01,8.178004831076501890e-02,-8.546801093285349982e-02,-2.331288468967268046e-01,2.044736989608056388e-01,-9.740270715888443842e-02,-5.935064965185382624e-02,-3.887811469802476827e-02,-7.355426805644915689e-02,-1.476663924728211508e-01,8.178004831076501890e-02,-8.546801093285349982e-02,-2.359821352937884753e-01,2.024382113195548061e-01,-9.738175380925784275e-02,-5.421980648718294216e-01,-4.469899788099523930e-01,3.687705643333260008e-01,1.046441643711788771e-01,-4.622836542370876711e-01,-4.659501105117303532e-01,4.662713872511002888e-01,-5.421980648718294216e-01,-4.469899788099523930e-01,3.687705643333260008e-01,9.990000000000000000e+02,2.271982468664646149e-02,6.092552468180656433e-02,1.470437943935394287e-01
-4.617355384099449678e-01,-4.646324131066823515e-01,4.689986219217127106e-01,1.088958189786797155e-02,2.711457764555149849e-02,5.562720979788547682e-02,1.045434621346890414e-01,2.426643082328831802e-02,1.016612341081169490e-01,-5.692599900749573116e-02,-5.471904645310310400e-02,-6.706583505280311330e-02,-1.403685820534132933e-01,6.929106136750240452e-02,-7.966855273380113456e-02,-2.238111650993308555e-01,1.933011691881079686e-01,-9.227127041479915581e-02,-6.275205387605820029e-02,-4.223129974432360267e-02,-7.626054937743498296e-02,-1.482145082999638541e-01,8.046235090571701720e-02,-8.819524560346592157e-02,-2.336769627238695080e-01,2.031560015557576371e-01,-1.001299418294968602e-01,-5.421980648718294216e-01,-4.469899788099523930e-01,3.687705643333260008e-01,1.035981160015376767e-01,-4.617355384099449678e-01,-4.646324131066823515e-01,4.689986219217127106e-01,-5.421980648718294216e-01,-4.469899788099523930e-01,3.687705643333260008e-01,9.990000000000000000e+02,1.829564720392227173e-01,1.324021369218826294e-01,2.391668111085891724e-01
-4.583070858408808124e-01,-4.621536808198148938e-01,4.735780724370579065e-01,6.905670062145707888e-02,5.052024561760509042e-02,1.014062195943720296e-01,1.088958189786797155e-02,2.711457764555149849e-02,5.562720979788547682e-02,-5.444313113227600143e-02,-7.277085474863287384e-02,-6.662191644202131169e-02,-1.357477306964157138e-01,5.249310165673376494e-02,-8.071103690389824781e-02,-2.170523302605554261e-01,1.777570580621004037e-01,-9.480015736577518393e-02,-6.035445157655988657e-02,-5.719777873997056172e-02,-7.164528556814830917e-02,-1.437970346224774487e-01,6.681232908063494680e-02,-8.424800324914633043e-02,-2.272396176683950109e-01,1.908224369012405108e-01,-9.685072093014435168e-02,-5.421980648718294216e-01,-4.469899788099523930e-01,3.687705643333260008e-01,1.126859866120916293e-01,-4.583070858408808124e-01,-4.621536808198148938e-01,4.735780724370579065e-01,-5.421980648718294216e-01,-4.469899788099523930e-01,3.687705643333260008e-01,9.990000000000000000e+02,1.955813616514205933e-01,2.577423751354217529e-01,3.794825971126556396e-01
-4.546485299356245458e-01,-4.572892576855941416e-01,4.808068064794522867e-01,7.394120724741973238e-02,9.955031385244450526e-02,1.594280401240584233e-01,6.905670062145707888e-02,5.052024561760509042e-02,1.014062195943720296e-01,-3.580017368453636273e-02,-9.911394731303679873e-02,-7.018201453233291476e-02,-1.136096498972423152e-01,2.838357564233728869e-02,-8.396849529241828813e-02,-1.914191261099482677e-01,1.558810985977113761e-01,-9.775497605250366151e-02,-5.810168703753226804e-02,-7.763527788285362607e-02,-7.385065048441569191e-02,-1.394062866016719804e-01,4.762867852251301271e-02,-8.793977094629262803e-02,-2.207108861658116927e-01,1.728926349278796515e-01,-1.020288914081695641e-01,-5.421980648718294216e-01,-4.469899788099523930e-01,3.687705643333260008e-01,1.266125671157132537e-01,-4.546485299356245458e-01,-4.572892576855941416e-01,4.808068064794522867e-01,-5.421980648718294216e-01,-4.469899788099523930e-01,3.687705643333260008e-01,9.990000000000000000e+02,3.895543515682220459e-01,5.315206646919250488e-01,5.789617896080017090e-01
-4.502135455292640698e-01,-4.495396012171926636e-01,4.871538341313445541e-01,1.542064054802896045e-01,2.049920323618046047e-01,2.445862683008766525e-01,7.394120724741973238e-02,9.955031385244450526e-02,1.594280401240584233e-01,-3.279963434951332912e-02,-1.280374900446665243e-01,-7.489635067599853535e-02,-1.076587689645974732e-01,1.083776777759337673e-03,-8.985657857709128393e-02,-1.825179035796816729e-01,1.302050436001851441e-01,-1.048168064781840325e-01,-4.023515809089683870e-02,-1.068636037814382767e-01,-7.652904218422518223e-02,-1.180446343036027912e-01,2.063391917393581076e-02,-9.031552294431055561e-02,-1.958541105163087437e-01,1.481314421293098982e-01,-1.041020037043959290e-01,-5.421980648718294216e-01,-4.469899788099523930e-01,3.687705643333260008e-01,1.402347668043041617e-01,-4.502135455292640698e-01,-4.495396012171926636e-01,4.871538341313445541e-01,-5.421980648718294216e-01,-4.469899788099523930e-01,3.687705643333260008e-01,9.990000000000000000e+02,4.870932400226593018e-01,6.539697647094726562e-01,6.888265609741210938e-01
-4.462123160858046944e-01,-4.411873459928898344e-01,4.923072568647525737e-01,1.468670239635159191e-01,2.162081988654140363e-01,2.100642041956191919e-01,1.542064054802896045e-01,2.049920323618046047e-01,2.445862683008766525e-01,-4.007408687800029234e-02,-1.382147812625716399e-01,-7.989302247132684665e-02,-1.116599984080568486e-01,-7.268478446543491511e-03,-9.501000131049930353e-02,-1.832459099381134049e-01,1.236778243694846013e-01,-1.101269801496717604e-01,-3.680086379297270449e-02,-1.363897452689693535e-01,-8.004977340940655495e-02,-1.116599984080568486e-01,-7.268478446543491511e-03,-9.501000131049930353e-02,-1.865191330231410483e-01,1.218527883758823149e-01,-1.099702292115920521e-01,-5.421980648718294216e-01,-4.469899788099523930e-01,3.687705643333260008e-01,1.467913021007586916e-01,-4.462123160858046944e-01,-4.411873459928898344e-01,4.923072568647525737e-01,-5.421980648718294216e-01,-4.469899788099523930e-01,3.687705643333260008e-01,9.990000000000000000e+02,4.899846315383911133e-01,6.453386545181274414e-01,6.479307413101196289e-01
-4.422249546474582571e-01,-4.330927419137214907e-01,4.970827928951571106e-01,1.462436429574036079e-01,2.099395074619817281e-01,2.053969101424329424e-01,1.468670239635159191e-01,2.162081988654140363e-01,2.100642041956191919e-01,-2.366558051882983182e-02,-1.697064006643749234e-01,-8.136797585653660070e-02,-9.147692752023195428e-02,-3.672844964316646088e-02,-9.614923967450994535e-02,-1.592882745216340767e-01,9.624950137804200168e-02,-1.109305034924832900e-01,-4.406144831634672965e-02,-1.463093853417399837e-01,-8.466855850173138354e-02,-1.156473598464032859e-01,-1.536308252571183530e-02,-9.978553734090384042e-02,-1.872332713764598422e-01,1.155832202903162576e-01,-1.149025161800762973e-01,-5.421980648718294216e-01,-4.469899788099523930e-01,3.687705643333260008e-01,1.377014290837925148e-01,-4.422249546474582571e-01,-4.330927419137214907e-01,4.970827928951571106e-01,-5.421980648718294216e-01,-4.469899788099523930e-01,3.687705643333260008e-01,9.990000000000000000e+02,5.263192653656005859e-01,7.849307060241699219e-01,5.331208705902099609e-01
-4.396162163073340512e-01,-4.239615733331272285e-01,4.992766756732247013e-01,1.211503567945153292e-01,2.312096977884338378e-01,7.122532100277574607e-02,1.462436429574036079e-01,2.099395074619817281e-01,2.053969101424329424e-01,-2.877834223006503489e-02,-1.800389613922649401e-01,-8.314913195905643262e-02,-9.408566586035616020e-02,-4.585961822376072305e-02,-9.834312245257753604e-02,-1.593929894906472855e-01,8.831972494474349400e-02,-1.135371129460986395e-01,-2.627431885895403774e-02,-1.788375692449691856e-01,-8.356185863460419139e-02,-9.408566586035616020e-02,-4.585961822376072305e-02,-9.834312245257753604e-02,-1.618970128617582827e-01,8.711833279744773950e-02,-1.131243862705508807e-01,-5.421980648718294216e-01,-4.469899788099523930e-01,3.687705643333260008e-01,1.436195907170687291e-01,-4.396162163073340512e-01,-4.239615733331272285e-01,4.992766756732247013e-01,-5.421980648718294216e-01,-4.469899788099523930e-01,3.687705643333260008e-01,9.990000000000000000e+02,4.802516698837280273e-01,7.931790351867675781e-01,5.479539632797241211e-01
-4.375609994962777471e-01,-4.142876541137022195e-01,5.014716542900388152e-01,1.098981100332174776e-01,2.411160606147449426e-01,1.098246523304776956e-01,1.211503567945153292e-01,2.312096977884338378e-01,7.122532100277574607e-02,-3.379893280591028670e-02,-1.911209171830478559e-01,-8.538740002139916241e-02,-9.614088267141246424e-02,-5.553353744318573204e-02,-1.005381010693916499e-01,-1.584828325369146973e-01,8.005384229667633633e-02,-1.156888021173841374e-01,-3.083355904112133894e-02,-1.897128806116899491e-01,-8.534411057587054650e-02,-9.614088267141246424e-02,-5.553353744318573204e-02,-1.005381010693916499e-01,-1.614482063017035895e-01,7.864580572531848501e-02,-1.157320915629127533e-01,-5.421980648718294216e-01,-4.469899788099523930e-01,3.687705643333260008e-01,1.497830192926795645e-01,-4.375609994962777471e-01,-4.142876541137022195e-01,5.014716542900388152e-01,-5.421980648718294216e-01,-4.469899788099523930e-01,3.687705643333260008e-01,9.990000000000000000e+02,3.863784670829772949e-01,6.679777503013610840e-01,3.997989892959594727e-01
-4.350705182806943738e-01,-4.054077807349518170e-01,5.045381892156804993e-01,1.194706467405515088e-01,2.243449484659464921e-01,1.322424950488055584e-01,1.098981100332174776e-01,2.411160606147449426e-01,1.098246523304776956e-01,-2.640828451093046869e-02,-2.095276477036038254e-01,-8.024323274671374406e-02,-8.661826070493000573e-02,-7.308481489000590026e-02,-9.630910155355354441e-02,-1.468282368989295983e-01,6.335801792359202489e-02,-1.123749703603933447e-01,-3.628941402149366002e-02,-2.000007905617982584e-01,-8.845393494704084647e-02,-9.863136388699583756e-02,-6.441341082193613454e-02,-1.036046359950333340e-01,-1.609733137524980706e-01,7.117396891792593383e-02,-1.187553370430258215e-01,-5.421980648718294216e-01,-4.469899788099523930e-01,3.687705643333260008e-01,1.487264478736258222e-01,-4.350705182806943738e-01,-4.054077807349518170e-01,5.045381892156804993e-01,-5.421980648718294216e-01,-4.469899788099523930e-01,3.687705643333260008e-01,9.990000000000000000e+02,3.556304872035980225e-01,6.116295456886291504e-01,4.600220620632171631e-01
-4.320329094814100435e-01,-3.966204107336191997e-01,5.091842356142254333e-01,1.307947892731391726e-01,2.224308647224400026e-01,2.027853015032488881e-01,1.194706467405515088e-01,2.243449484659464921e-01,1.322424950488055584e-01,-3.191981574996261006e-02,-2.193273258660835001e-01,-8.444356666806823730e-02,-8.965586950421433610e-02,-8.187218489133851751e-02,-1.009551479520984785e-01,-1.473919232584660621e-01,5.558295608340646510e-02,-1.174667292361287196e-01,-2.944589331021479905e-02,-2.183150177049364427e-01,-8.488927914525867813e-02,-8.965586950421433610e-02,-8.187218489133851751e-02,-1.009551479520984785e-01,-1.498658456982139286e-01,5.457064792225940764e-02,-1.170210167589382788e-01,-5.421980648718294216e-01,-4.469899788099523930e-01,3.687705643333260008e-01,1.579024112971943450e-01,-4.320329094814100435e-01,-3.966204107336191997e-01,5.091842356142254333e-01,-5.421980648718294216e-01,-4.469899788099523930e-01,3.687705643333260008e-01,9.990000000000000000e+02,2.092751711606979370e-01,3.542957305908203125e-01,3.447018265724182129e-01
-4.285199413757195264e-01,-3.903692235701247681e-01,5.162452340783432181e-01,7.750292122161173136e-02,1.299639660878122993e-01,1.556639015170196982e-01,1.307947892731391726e-01,2.224308647224400026e-01,2.027853015032488881e-01,-3.137687712095765802e-02,-2.414190435251491462e-01,-9.537220854976474760e-02,-8.502074761007133441e-02,-1.024134348570755471e-01,-1.126862467201513729e-01,-1.386646180991850108e-01,3.659217381099799660e-02,-1.300002848905379982e-01,-3.543278385565312716e-02,-2.255785130295779317e-01,-9.150456513218602206e-02,-9.316883760990485319e-02,-8.812337205483294911e-02,-1.080161464162162632e-01,-1.509048913641565792e-01,4.933176891991203350e-02,-1.245277277002465044e-01,-5.421980648718294216e-01,-4.469899788099523930e-01,3.687705643333260008e-01,1.743996254677020186e-01,-4.285199413757195264e-01,-3.903692235701247681e-01,5.162452340783432181e-01,-5.421980648718294216e-01,-4.469899788099523930e-01,3.687705643333260008e-01,9.990000000000000000e+02,5.900865886360406876e-03,2.588165700435638428e-01,-1.264783293008804321e-01
-4.289348887869375293e-01,-3.861657719883602180e-01,5.149960717938825150e-01,-7.567789453326865742e-03,8.456570270752600260e-02,-4.024577685968620810e-02,7.750292122161173136e-02,1.299639660878122993e-01,1.556639015170196982e-01,-3.606256498125015586e-02,-2.475096059162472661e-01,-9.432580415427704867e-02,-8.460580019885333147e-02,-1.066168864388400972e-01,-1.114370844356906698e-01,-1.331490354164565071e-01,3.427583303856707175e-02,-1.285483647171042909e-01,-3.096192970973965508e-02,-2.456224951069136964e-01,-9.412304626530404450e-02,-8.460580019885333147e-02,-1.066168864388400972e-01,-1.114370844356906698e-01,-1.382496706879670079e-01,3.238872222923344646e-02,-1.287511226060772951e-01,-5.421980648718294216e-01,-4.469899788099523930e-01,3.687705643333260008e-01,1.759077192414479074e-01,-4.289348887869375293e-01,-3.861657719883602180e-01,5.149960717938825150e-01,-5.421980648718294216e-01,-4.469899788099523930e-01,3.687705643333260008e-01,9.990000000000000000e+02,-3.662151843309402466e-02,1.685216724872589111e-01,-1.037150397896766663e-01
-4.299253143936136445e-01,-3.833830201342805499e-01,5.135124984186283381e-01,-1.977805726684369811e-02,5.634010228027044875e-02,-3.106549646016286415e-02,-7.567789453326865742e-03,8.456570270752600260e-02,-4.024577685968620810e-02,-1.847924646493626089e-02,-2.599672172364760336e-01,-9.696447351542281101e-02,-6.219423530617279594e-02,-1.174535484170024513e-01,-1.136633941459292418e-01,-1.059092241474093865e-01,2.506012040247113104e-02,-1.303623147764356727e-01,-3.507213937457404063e-02,-2.502923577703269342e-01,-9.284223077902287180e-02,-8.361537459217721624e-02,-1.093996382929197653e-01,-1.099535110604364929e-01,-1.321586098097803919e-01,3.149308118448740368e-02,-1.270647913418501140e-01,-5.421980648718294216e-01,-4.469899788099523930e-01,3.687705643333260008e-01,1.698208070525018265e-01,-4.299253143936136445e-01,-3.833830201342805499e-01,5.135124984186283381e-01,-5.421980648718294216e-01,-4.469899788099523930e-01,3.687705643333260008e-01,9.990000000000000000e+02,-6.687094271183013916e-02,9.449031203985214233e-02,-4.760274291038513184e-02
-4.313098307855002811e-01,-3.817623659498456945e-01,5.127847990300975489e-01,-2.791277521634310393e-02,3.287762168157393888e-02,-1.430282811720527854e-02,-1.977805726684369811e-02,5.634010228027044875e-02,-3.106549646016286415e-02,-1.593939274131456196e-02,-2.741338046711178089e-01,-9.808384604385916861e-02,-5.616094074326016816e-02,-1.307557023400729435e-01,-1.161101281973042632e-01,-9.638248874520577436e-02,1.262239999097192200e-02,-1.341364103507493577e-01,-1.709473007304962433e-02,-2.615878714209108891e-01,-9.623677412689202182e-02,-6.080971891428615939e-02,-1.190742026014373067e-01,-1.129356947573984526e-01,-1.045247077555227500e-01,2.343946621803627561e-02,-1.296346153879048835e-01,-5.421980648718294216e-01,-4.469899788099523930e-01,3.687705643333260008e-01,1.656547183150435532e-01,-4.313098307855002811e-01,-3.817623659498456945e-01,5.127847990300975489e-01,-5.421980648718294216e-01,-4.469899788099523930e-01,3.687705643333260008e-01,9.990000000000000000e+02,-1.032273396849632263e-01,1.375753134489059448e-01,-6.832174956798553467e-02
-4.334175527722318733e-01,-3.793828191108710723e-01,5.117540017089865501e-01,-4.255028948790103016e-02,4.868285711124988036e-02,-2.245711873803998837e-02,-2.791277521634310393e-02,3.287762168157393888e-02,-1.430282811720527854e-02,-1.465568485027141099e-02,-2.840103116985856491e-01,-9.024066989992868271e-02,-5.281085699856519211e-02,-1.402557045565791527e-01,-1.097033460720647779e-01,-9.096602914685897323e-02,3.498902585427399181e-03,-1.291660222442008732e-01,-1.383167075458296980e-02,-2.765133515100924311e-01,-9.705304872274816974e-02,-5.405321875652857599e-02,-1.331352491790475656e-01,-1.150793308761932643e-01,-9.427476675847418219e-02,1.024285315199729984e-02,-1.331056130296383588e-01,-5.421980648718294216e-01,-4.469899788099523930e-01,3.687705643333260008e-01,1.580219037995647668e-01,-4.334175527722318733e-01,-3.793828191108710723e-01,5.117540017089865501e-01,-5.421980648718294216e-01,-4.469899788099523930e-01,3.687705643333260008e-01,9.990000000000000000e+02,-1.434500813484191895e-01,2.018006443977355957e-01,2.170513570308685303e-02
-4.362015335822190254e-01,-3.756794364020307198e-01,5.122423972259447789e-01,-5.631981426345245012e-02,7.598445108039511564e-02,1.294442108918120692e-02,-4.255028948790103016e-02,4.868285711124988036e-02,-2.245711873803998837e-02,-9.012262139265148075e-03,-2.969831531222149046e-01,-8.252876250490426280e-02,-4.533312640089787182e-02,-1.529624764618218169e-01,-1.034772591948948661e-01,-8.165399066253054006e-02,-8.941799801428729211e-03,-1.244257558848854694e-01,-1.187170404028425885e-02,-2.877136944074260017e-01,-9.072906541688691151e-02,-5.002687618857803997e-02,-1.439590872654195053e-01,-1.101917415890230068e-01,-8.818204833687182109e-02,-2.044801234129534073e-04,-1.296544177611591020e-01,-5.421980648718294216e-01,-4.469899788099523930e-01,3.687705643333260008e-01,1.490942611314418353e-01,-4.362015335822190254e-01,-3.756794364020307198e-01,5.122423972259447789e-01,-5.421980648718294216e-01,-4.469899788099523930e-01,3.687705643333260008e-01,9.990000000000000000e+02,-1.964127123355865479e-01,2.772863209247589111e-01,1.373306512832641602e-01
-4.398806325418632146e-01,-3.704058918224003571e-01,5.147352024854100483e-01,-7.414727772853253740e-02,1.083416207530945863e-01,5.636498306199559660e-02,-5.631981426345245012e-02,7.598445108039511564e-02,1.294442108918120692e-02,-9.433195387783477326e-03,-3.031420887096744066e-01,-8.442825546080801047e-02,-4.165402744125368262e-02,-1.582360210414521795e-01,-1.059700644543601356e-01,-7.387485949472388791e-02,-1.332995337323000795e-02,-1.275118734479122606e-01,-5.333163179620958871e-03,-3.022566977018452672e-01,-8.502156776436953223e-02,-4.165402744125368262e-02,-1.582360210414521795e-01,-1.059700644543601356e-01,-7.797489170288635085e-02,-1.421534438105909182e-02,-1.269185611443507389e-01,-5.421980648718294216e-01,-4.469899788099523930e-01,3.687705643333260008e-01,1.479677680864791567e-01,-4.398806325418632146e-01,-3.704058918224003571e-01,5.147352024854100483e-01,-5.421980648718294216e-01,-4.469899788099523930e-01,3.687705643333260008e-01,9.990000000000000000e+02,-2.432888150215148926e-01,3.077715933322906494e-01,1.185835376381874084e-01
-4.444609503093651659e-01,-3.645697018789712529e-01,5.169522592813153850e-01,-9.204769192610307016e-02,1.196609945622150728e-01,4.701441999496223240e-02,-7.414727772853253740e-02,1.083416207530945863e-01,5.636498306199559660e-02,1.197011811697101802e-02,-3.192995666082967809e-01,-9.128130303362258502e-02,-1.525087520211465542e-02,-1.733197599121030774e-01,-1.124688833500295249e-01,-4.247186852120032885e-02,-2.733995321590931837e-02,-1.336564636664364647e-01,-4.852877620281526028e-03,-3.089782786531035108e-01,-8.664531225671334713e-02,-3.707370967375173132e-02,-1.640722109848812837e-01,-1.081871212502654722e-01,-6.929454172722193661e-02,-1.916614331665911219e-02,-1.297289302438175973e-01,-5.421980648718294216e-01,-4.469899788099523930e-01,3.687705643333260008e-01,1.428824094748814277e-01,-4.444609503093651659e-01,-3.645697018789712529e-01,5.169522592813153850e-01,-5.421980648718294216e-01,-4.469899788099523930e-01,3.687705643333260008e-01,9.990000000000000000e+02,-2.979656457901000977e-01,3.426639735698699951e-01,1.049870178103446960e-01
-4.500291556163913964e-01,-3.581333563509392914e-01,5.188886957613060291e-01,-1.138735146121106073e-01,1.347831213416802176e-01,4.134596920700628342e-02,-9.204769192610307016e-02,1.196609945622150728e-01,4.701441999496223240e-02,3.290467334617358519e-02,-3.485818263893221691e-01,-8.368775873147771271e-02,8.626278843492762860e-03,-2.021332426023933482e-01,-1.052138328550867308e-01,-1.565211565918805947e-02,-5.568465881546452723e-02,-1.267399069786957488e-01,1.753832342399724853e-02,-3.257359121363287424e-01,-9.321773951361322919e-02,-9.682669895088424905e-03,-1.797561054401350389e-01,-1.144053198300201690e-01,-3.690366321417409834e-02,-3.377629874394127985e-02,-1.355929001464271089e-01,-5.421980648718294216e-01,-4.469899788099523930e-01,3.687705643333260008e-01,1.393153759388092161e-01,-4.500291556163913964e-01,-3.581333563509392914e-01,5.188886957613060291e-01,-5.421980648718294216e-01,-4.469899788099523930e-01,3.687705643333260008e-01,9.990000000000000000e+02,-3.425943851470947266e-01,4.060379266738891602e-01,8.908604830503463745e-02
-4.562780604491093461e-01,-3.508210897939429973e-01,5.205666259036983989e-01,-1.370673225140615903e-01,1.657633941713488601e-01,3.595453934071300706e-02,-1.138735146121106073e-01,1.347831213416802176e-01,4.134596920700628342e-02,3.512623408180837181e-02,-3.565313806666922103e-01,-8.554600556403985090e-02,1.487518367621071258e-02,-2.094455091593896423e-01,-1.068917629974791006e-01,-5.375866729386946652e-03,-6.235963765208707432e-02,-1.282375204309183503e-01,3.915357817889153491e-02,-3.558940929463184633e-01,-8.536568887387008253e-02,1.487518367621071258e-02,-2.094455091593896423e-01,-1.068917629974791006e-01,-9.403210826470109751e-03,-6.299692537246082136e-02,-1.284178371210881187e-01,-5.421980648718294216e-01,-4.469899788099523930e-01,3.687705643333260008e-01,1.426971828644908180e-01,-4.562780604491093461e-01,-3.508210897939429973e-01,5.205666259036983989e-01,-5.421980648718294216e-01,-4.469899788099523930e-01,3.687705643333260008e-01,9.990000000000000000e+02,-2.877953052520751953e-01,3.534451723098754883e-01,6.204118207097053528e-02
-4.617123864492737040e-01,-3.442263650270167008e-01,5.217691283467068564e-01,-1.108034529000187229e-01,1.373582530487612585e-01,2.518154352413694633e-02,-1.370673225140615903e-01,1.657633941713488601e-01,3.595453934071300706e-02,5.620893987842384698e-02,-3.838877769297523446e-01,-9.395824870364855030e-02,4.136680230813427617e-02,-2.361882716034306440e-01,-1.155120668968239173e-01,2.652466473784470535e-02,-8.848876627710894338e-02,-1.370658850899992842e-01,4.056056008197272966e-02,-3.631261054336185068e-01,-8.674850800704830833e-02,2.030950967637507043e-02,-2.160402339263159388e-01,-1.080942654404875580e-01,5.845927077741119859e-05,-6.895436241901337082e-02,-1.294400228739268077e-01,-5.421980648718294216e-01,-4.469899788099523930e-01,3.687705643333260008e-01,1.652902793639261791e-01,-4.617123864492737040e-01,-3.442263650270167008e-01,5.217691283467068564e-01,-5.421980648718294216e-01,-4.469899788099523930e-01,3.687705643333260008e-01,9.990000000000000000e+02,-2.624274790287017822e-01,1.129338443279266357e-01,-1.731693446636199951e-01
-4.668120800133541692e-01,-3.422217407150196511e-01,5.187600739137698813e-01,-1.023380022127876321e-01,4.016895669219718717e-02,-7.101234926940136472e-02,-1.108034529000187229e-01,1.373582530487612585e-01,2.518154352413694633e-02,5.794804756706023463e-02,-3.860326874066564162e-01,-8.988509871154015674e-02,4.646649587221474142e-02,-2.381928959154276937e-01,-1.125030124638869422e-01,3.498494417736924822e-02,-9.035310442419897115e-02,-1.351209262162337277e-01,6.130863344250431224e-02,-3.858924012417493943e-01,-9.094919427071157525e-02,4.646649587221474142e-02,-2.381928959154276937e-01,-1.125030124638869422e-01,3.162435830192517061e-02,-9.049339058910599309e-02,-1.340568306570623092e-01,-5.421980648718294216e-01,-4.469899788099523930e-01,3.687705643333260008e-01,1.662687417998847117e-01,-4.668120800133541692e-01,-3.422217407150196511e-01,5.187600739137698813e-01,-5.421980648718294216e-01,-4.469899788099523930e-01,3.687705643333260008e-01,9.990000000000000000e+02,-2.466884255409240723e-01,1.112073361873626709e-01,-1.318362951278686523e-01
-4.715468239465439027e-01,-3.402117053319763107e-01,5.162957508513629223e-01,-9.545684868902459819e-02,4.155187595815252460e-02,-5.134591202730597048e-02,-1.023380022127876321e-01,4.016895669219718717e-02,-7.101234926940136472e-02,7.943694382685229094e-02,-3.934546937367447983e-01,-9.317015769455294638e-02,7.322909311578307268e-02,-2.452121457844234076e-01,-1.152067083809192316e-01,6.702124240471385441e-02,-9.696959783210207240e-02,-1.372432590672855168e-01,6.268279150024996804e-02,-3.880427227896997566e-01,-8.742077564913319776e-02,5.120123980540447484e-02,-2.402029312984710341e-01,-1.100386894014799832e-01,3.971968811055898163e-02,-9.236313980724231154e-02,-1.326566031538267687e-01,-5.421980648718294216e-01,-4.469899788099523930e-01,3.687705643333260008e-01,1.809161739497081867e-01,-4.715468239465439027e-01,-3.402117053319763107e-01,5.162957508513629223e-01,-5.421980648718294216e-01,-4.469899788099523930e-01,3.687705643333260008e-01,9.990000000000000000e+02,-2.646033465862274170e-01,2.888471819460391998e-02,-2.105406671762466431e-01
-4.766466170875021113e-01,-3.397654340093662628e-01,5.124227147380588931e-01,-1.025124319525620997e-01,9.266613520599589413e-03,-8.525206334702514765e-02,-9.545684868902459819e-02,4.155187595815252460e-02,-5.134591202730597048e-02,8.910645350764340167e-02,-4.072847196577299989e-01,-8.890947435072299454e-02,8.669641748547474158e-02,-2.590427148611347818e-01,-1.116800637207435165e-01,8.428638146330608150e-02,-1.108007100645395648e-01,-1.344506530907640385e-01,8.453673696781049962e-02,-3.939009650593548462e-01,-8.929712158124891719e-02,7.832888625674128136e-02,-2.456584171070334555e-01,-1.113336722676152024e-01,7.212103554567206309e-02,-9.741586915471212027e-02,-1.333702229539814876e-01,-5.421980648718294216e-01,-4.469899788099523930e-01,3.687705643333260008e-01,1.935406147750830252e-01,-4.766466170875021113e-01,-3.397654340093662628e-01,5.124227147380588931e-01,-5.421980648718294216e-01,-4.469899788099523930e-01,3.687705643333260008e-01,9.990000000000000000e+02,-2.983167171478271484e-01,2.322198078036308289e-02,-2.325290441513061523e-01
-4.823690534601218216e-01,-3.394212996330576160e-01,5.080710062865748666e-01,-1.151281604289659255e-01,7.719476432234343224e-03,-9.377816887070948570e-02,-1.025124319525620997e-01,9.266613520599589413e-03,-8.525206334702514765e-02,9.296971084306004940e-02,-4.075066938571270669e-01,-8.365963780457841281e-02,9.241885385809445186e-02,-2.593868492374434287e-01,-1.073283552692594900e-01,9.186799687312885432e-02,-1.112670046177597905e-01,-1.309970727339405672e-01,9.482888988026311194e-02,-4.076288540340386457e-01,-8.455776589923896802e-02,9.241885385809445186e-02,-2.593868492374434287e-01,-1.073283552692594900e-01,9.000881783592579177e-02,-1.111448444408482117e-01,-1.300989446392800120e-01,-5.421980648718294216e-01,-4.469899788099523930e-01,3.687705643333260008e-01,1.948853720291779945e-01,-4.823690534601218216e-01,-3.394212996330576160e-01,5.080710062865748666e-01,-5.421980648718294216e-01,-4.469899788099523930e-01,3.687705643333260008e-01,9.990000000000000000e+02,-2.718980312347412109e-01,1.799173280596733093e-02,-1.925763189792633057e-01
-4.875424762557634129e-01,-3.391298150822919522e-01,5.043939466414137929e-01,-1.041362517750306221e-01,6.517826783872084431e-03,-7.763955443649138422e-02,-1.151281604289659255e-01,7.719476432234343224e-03,-9.377816887070948570e-02,1.052605803727189038e-01,-4.200106275274401724e-01,-8.710991875714929611e-02,1.096644840184369252e-01,-2.720455884935737978e-01,-1.113370287041828277e-01,1.140683876641549466e-01,-1.240805494597074787e-01,-1.355641386512163593e-01,9.814313363870164064e-02,-4.077981784078927308e-01,-7.998257815941733906e-02,9.759227665373604310e-02,-2.596783337882090925e-01,-1.036512956240984162e-01,9.704141966877044556e-02,-1.115584891685254543e-01,-1.273200130887794934e-01,-5.421980648718294216e-01,-4.469899788099523930e-01,3.687705643333260008e-01,2.162989031566481535e-01,-4.875424762557634129e-01,-3.391298150822919522e-01,5.043939466414137929e-01,-5.421980648718294216e-01,-4.469899788099523930e-01,3.687705643333260008e-01,9.990000000000000000e+02,-2.816335558891296387e-01,-6.333592534065246582e-02,-3.022612333297729492e-01
-4.929840122740624664e-01,-3.404245520365063449e-01,4.987844072862923639e-01,-1.089094235936218791e-01,-2.623312595029332964e-02,-1.233612512214713464e-01,-1.041362517750306221e-01,6.517826783872084431e-03,-7.763955443649138422e-02,1.066440917268026145e-01,-4.185816991611294169e-01,-8.176008939189943758e-02,1.151060200367359787e-01,-2.707508515393594051e-01,-1.057274893490613987e-01,1.235679483466693429e-01,-1.229200039175893933e-01,-1.296948893062233599e-01,1.107021163910179573e-01,-4.187158905732257796e-01,-8.150037940202786713e-02,1.151060200367359787e-01,-2.707508515393594051e-01,-1.057274893490613987e-01,1.195099236824540001e-01,-1.227858125054930860e-01,-1.299545992960949303e-01,-5.421980648718294216e-01,-4.469899788099523930e-01,3.687705643333260008e-01,2.172536064921797017e-01,-4.929840122740624664e-01,-3.404245520365063449e-01,4.987844072862923639e-01,-5.421980648718294216e-01,-4.469899788099523930e-01,3.687705643333260008e-01,9.990000000000000000e+02,-2.703569233417510986e-01,-6.918179988861083984e-02,-2.604826092720031738e-01
-4.981192532698918152e-01,-3.417666069839176979e-01,4.938078701005842452e-01,-1.030328280976299943e-01,-2.681820545145318507e-02,-1.054086765450198832e-01,-1.089094235936218791e-01,-2.623312595029332964e-02,-1.233612512214713464e-01,1.252703229778255878e-01,-4.368036897246893036e-01,-7.835523523935877810e-02,1.385552026092877198e-01,-2.893310492761480557e-01,-1.023413206288685262e-01,1.518400822407498518e-01,-1.418584088276068633e-01,-1.263274060183782743e-01,1.117793327226319633e-01,-4.172396442137180639e-01,-7.678355220619131893e-02,1.202412610325653275e-01,-2.694087965919480521e-01,-1.007509521633532801e-01,1.287031893424986917e-01,-1.215779489701780403e-01,-1.247183521205152412e-01,-5.421980648718294216e-01,-4.469899788099523930e-01,3.687705643333260008e-01,2.431827136975618087e-01,-4.981192532698918152e-01,-3.417666069839176979e-01,4.938078701005842452e-01,-5.421980648718294216e-01,-4.469899788099523930e-01,3.687705643333260008e-01,9.990000000000000000e+02,-2.751043438911437988e-01,-1.695482134819030762e-01,-3.904719948768615723e-01
-5.034524896142907879e-01,-3.450615348355730583e-01,4.865204612448053578e-01,-1.063149944402626557e-01,-6.732320635293290167e-02,-1.597723025813514441e-01,-1.030328280976299943e-01,-2.681820545145318507e-02,-1.054086765450198832e-01,1.408041252053085501e-01,-4.403048779650904909e-01,-6.609285618061017109e-02,1.567584214404122989e-01,-2.932311777923353735e-01,-9.088775785690417219e-02,1.727127176755160476e-01,-1.461574776195802561e-01,-1.156826595331981733e-01,1.306035593222245605e-01,-4.335087618730339432e-01,-7.106782638357989068e-02,1.438884389536866926e-01,-2.860361214244926953e-01,-9.505391177308963879e-02,1.571733185851488246e-01,-1.385634809759515029e-01,-1.190399971625993869e-01,-5.421980648718294216e-01,-4.469899788099523930e-01,3.687705643333260008e-01,2.541144797677898359e-01,-5.034524896142907879e-01,-3.450615348355730583e-01,4.865204612448053578e-01,-5.421980648718294216e-01,-4.469899788099523930e-01,3.687705643333260008e-01,9.990000000000000000e+02,-3.019002676010131836e-01,-1.854966282844543457e-01,-3.894311189651489258e-01
-5.091584279062202345e-01,-3.485702665185563820e-01,4.792085177471791524e-01,-1.163590551119776106e-01,-7.229613621273905943e-02,-1.617269085277042995e-01,-1.063149944402626557e-01,-6.732320635293290167e-02,-1.597723025813514441e-01,1.587998744528073547e-01,-4.389986874979766585e-01,-5.698525498526513244e-02,1.784311970172053341e-01,-2.923541829460463148e-01,-8.168344234975510876e-02,1.980625195816033135e-01,-1.457096783941159712e-01,-1.063816297142450851e-01,1.465100634972379967e-01,-4.367961462821071672e-01,-5.878091268298396566e-02,1.624643597323417454e-01,-2.897224461093520498e-01,-8.357581435927796676e-02,1.784186559674454942e-01,-1.426487459365969324e-01,-1.083707160355719679e-01,-5.421980648718294216e-01,-4.469899788099523930e-01,3.687705643333260008e-01,2.679125289742688709e-01,-5.091584279062202345e-01,-3.485702665185563820e-01,4.792085177471791524e-01,-5.421980648718294216e-01,-4.469899788099523930e-01,3.687705643333260008e-01,9.990000000000000000e+02,-3.087966144084930420e-01,-2.162185609340667725e-01,-4.008558690547943115e-01
-5.148839243500804574e-01,-3.525817061436845590e-01,4.717755589557698359e-01,-1.200880320296852377e-01,-8.440372740669993545e-02,-1.722076085371783971e-01,-1.163590551119776106e-01,-7.229613621273905943e-02,-1.617269085277042995e-01,1.619525555139140760e-01,-4.344641854507270695e-01,-4.864774136285476835e-02,1.841566934610655570e-01,-2.883427433209181379e-01,-7.425048355834579228e-02,2.063608314082170381e-01,-1.422213011911092617e-01,-9.985322575383681620e-02,1.645253708966675776e-01,-4.349872478728484815e-01,-4.955229619385581596e-02,1.841566934610655570e-01,-2.883427433209181379e-01,-7.425048355834579228e-02,2.037880160254635364e-01,-1.416982387689877942e-01,-9.894867092283576859e-02,-5.421980648718294216e-01,-4.469899788099523930e-01,3.687705643333260008e-01,2.697820563814974926e-01,-5.148839243500804574e-01,-3.525817061436845590e-01,4.717755589557698359e-01,-5.421980648718294216e-01,-4.469899788099523930e-01,3.687705643333260008e-01,9.990000000000000000e+02,-2.791468203067779541e-01,-2.311295419931411743e-01,-3.664889633655548096e-01
-5.200297957117080427e-01,-3.568417568176182608e-01,4.648333167884017847e-01,-1.064356956194048853e-01,-8.847145379668383547e-02,-1.565325685730044603e-01,-1.200880320296852377e-01,-8.440372740669993545e-02,-1.722076085371783971e-01,1.847609514904674510e-01,-4.550465563889464771e-01,-3.557783709965878227e-02,2.104528305943501598e-01,-3.095722596877435451e-01,-6.160006504812359784e-02,2.361447096982328686e-01,-1.640979629865406131e-01,-8.762229299658841342e-02,1.670984268755416613e-01,-4.302041347767933677e-01,-4.170549919548671713e-02,1.893025648226931423e-01,-2.840826926469844360e-01,-6.730824139097774106e-02,2.115067027698446234e-01,-1.379612505171755599e-01,-9.291098358646876498e-02,-5.421980648718294216e-01,-4.469899788099523930e-01,3.687705643333260008e-01,3.006162530615646977e-01,-5.200297957117080427e-01,-3.568417568176182608e-01,4.648333167884017847e-01,-5.421980648718294216e-01,-4.469899788099523930e-01,3.687705643333260008e-01,9.990000000000000000e+02,-3.207350671291351318e-01,-2.979179322719573975e-01,-4.710621237754821777e-01
-5.255793618744822870e-01,-3.621582278651467313e-01,4.568221453760015760e-01,-1.328902833562435604e-01,-1.197580894876909691e-01,-2.239036204933067820e-01,-1.064356956194048853e-01,-8.847145379668383547e-02,-1.565325685730044603e-01,1.887423679584012137e-01,-4.551674714787979914e-01,-2.024730827570830893e-02,2.163024083102030870e-01,-3.103009468788505698e-01,-4.770881271628629738e-02,2.438624486620049603e-01,-1.654344222789031482e-01,-7.517031715686428583e-02,1.903105176532416953e-01,-4.497300853414180066e-01,-2.756666568725857358e-02,2.160023967571244041e-01,-3.042557886402150746e-01,-5.358889363572338915e-02,2.416942758610071129e-01,-1.587814919390121426e-01,-7.961112158418820473e-02,-5.421980648718294216e-01,-4.469899788099523930e-01,3.687705643333260008e-01,3.041184284512318259e-01,-5.255793618744822870e-01,-3.621582278651467313e-01,4.568221453760015760e-01,-5.421980648718294216e-01,-4.469899788099523930e-01,3.687705643333260008e-01,9.990000000000000000e+02,-3.054597079753875732e-01,-3.293889462947845459e-01,-4.639758169651031494e-01
-5.307053470093017200e-01,-3.679666271280164769e-01,4.489454284205367518e-01,-1.265165828730081266e-01,-1.308046132738690526e-01,-2.245894964646306391e-01,-1.328902833562435604e-01,-1.197580894876909691e-01,-2.239036204933067820e-01,5.000000000000000000e-01,5.000000000000000000e-01,5.000000000000000000e-01,2.339381993177687691e-01,-3.147556357532353410e-01,-3.950576449898524078e-02,2.648360996189325633e-01,-1.707046785545109358e-01,-6.769515057088520971e-02,1.938683530932206467e-01,-4.493590722159282458e-01,-1.237059132024348473e-02,2.214283934450225200e-01,-3.044925476159808242e-01,-3.983209576082147318e-02,2.489884337968243933e-01,-1.596260230160334026e-01,-6.729360020139946164e-02,-5.421980648718294216e-01,-4.469899788099523930e-01,3.687705643333260008e-01,3.222745418933721795e-01,-5.307053470093017200e-01,-3.679666271280164769e-01,4.489454284205367518e-01,-5.421980648718294216e-01,-4.469899788099523930e-01,3.687705643333260008e-01,9.990000000000000000e+02,-1.929364204406738281e-01,-8.925517797470092773e-01,-6.348559856414794922e-01
-5.311690296541791145e-01,-3.812720847502487076e-01,4.440839021329924807e-01,-3.048538523917129067e-02,-3.546737753147676253e-01,-2.185375530329612959e-01,-1.265165828730081266e-01,-1.308046132738690526e-01,-2.245894964646306391e-01,5.000000000000000000e-01,5.000000000000000000e-01,5.000000000000000000e-01,2.526092346009410905e-01,-3.196944516343737663e-01,-3.395817138318069084e-02,2.878039380346285037e-01,-1.766468285042384623e-01,-6.221963573012428972e-02,2.035039816614823693e-01,-4.455011353297275156e-01,-6.454852139541000788e-03,2.344018819626461636e-01,-3.014501781310031103e-01,-3.464423821144096971e-02,2.652997822638099579e-01,-1.573992209322787050e-01,-6.283362428334093863e-02,-5.421980648718294216e-01,-4.469899788099523930e-01,3.687705643333260008e-01,3.433751473814543043e-01,-5.311690296541791145e-01,-3.812720847502487076e-01,4.440839021329924807e-01,-5.421980648718294216e-01,-4.469899788099523930e-01,3.687705643333260008e-01,9.990000000000000000e+02,-2.760196328163146973e-01,-8.221905827522277832e-01,-6.917175054550170898e-01
-5.319497039946966543e-01,-3.936453158389753293e-01,4.393004970489045591e-01,-6.428364269123365560e-02,-2.946925266535498911e-01,-2.169361313733812191e-01,-3.048538523917129067e-02,-3.546737753147676253e-01,-2.185375530329612959e-01,5.000000000000000000e-01,5.000000000000000000e-01,5.000000000000000000e-01,2.645415506152837271e-01,-3.264622075310557037e-01,-3.186091844266891737e-02,3.035228165037093806e-01,-1.846265446162390633e-01,-6.123957796366058526e-02,5.000000000000000000e-01,5.000000000000000000e-01,5.000000000000000000e-01,2.533899089414586303e-01,-3.073212205456471446e-01,-2.917476629909276920e-02,2.885846123751460435e-01,-1.642735974155118406e-01,-5.743623064603636807e-02,-5.421980648718294216e-01,-4.469899788099523930e-01,3.687705643333260008e-01,3.605042954313357750e-01,-5.319497039946966543e-01,-3.936453158389753293e-01,4.393004970489045591e-01,-5.421980648718294216e-01,-4.469899788099523930e-01,3.687705643333260008e-01,9.990000000000000000e+02,-4.159128367900848389e-01,-7.526416182518005371e-01,-8.423656821250915527e-01
-5.339618562570579430e-01,-4.041653369211613556e-01,4.346934774715884298e-01,-9.688889573796312382e-02,-2.461266370926539770e-01,-2.146000878383144683e-01,-6.428364269123365560e-02,-2.946925266535498911e-01,-2.169361313733812191e-01,5.000000000000000000e-01,5.000000000000000000e-01,5.000000000000000000e-01,2.665537028776450157e-01,-3.159421864488696774e-01,-2.725389886535278805e-02,3.086487849192756094e-01,-1.752036664956108658e-01,-5.759649383141624002e-02,5.000000000000000000e-01,5.000000000000000000e-01,5.000000000000000000e-01,2.665537028776450157e-01,-3.159421864488696774e-01,-2.725389886535278805e-02,3.055349687660706692e-01,-1.741065235340530371e-01,-5.663255838634445594e-02,-5.421980648718294216e-01,-4.469899788099523930e-01,3.687705643333260008e-01,3.595521565605230285e-01,-5.339618562570579430e-01,-4.041653369211613556e-01,4.346934774715884298e-01,-5.421980648718294216e-01,-4.469899788099523930e-01,3.687705643333260008e-01,9.990000000000000000e+02,-4.149658381938934326e-01,-5.818721055984497070e-01,-8.693232536315917969e-01
-5.372443952368283204e-01,-4.122391176234553312e-01,4.273869782417585306e-01,-1.216120505454403450e-01,-1.959456745177407810e-01,-2.770812265997107948e-01,-9.688889573796312382e-02,-2.461266370926539770e-01,-2.146000878383144683e-01,5.000000000000000000e-01,5.000000000000000000e-01,5.000000000000000000e-01,2.698362418574153931e-01,-3.078684057465757018e-01,-1.994739963552288886e-02,3.155436351110240123e-01,-1.682413091159233876e-01,-5.019815315431092051e-02,5.000000000000000000e-01,5.000000000000000000e-01,5.000000000000000000e-01,2.698362418574153931e-01,-3.078684057465757018e-01,-1.994739963552288886e-02,3.119313238990459869e-01,-1.671298857933168902e-01,-5.028999460158634083e-02,-5.421980648718294216e-01,-4.469899788099523930e-01,3.687705643333260008e-01,3.610994022872682785e-01,-5.372443952368283204e-01,-4.122391176234553312e-01,4.273869782417585306e-01,-5.421980648718294216e-01,-4.469899788099523930e-01,3.687705643333260008e-01,9.990000000000000000e+02,-3.945123851299285889e-01,-4.784741103649139404e-01,-8.907976746559143066e-01
-5.411679585032914686e-01,-4.190150310564662584e-01,4.181104000637734242e-01,-1.328658246015931021e-01,-1.689309396144639264e-01,-3.197997997183146812e-01,-1.216120505454403450e-01,-1.959456745177407810e-01,-2.770812265997107948e-01,5.000000000000000000e-01,5.000000000000000000e-01,5.000000000000000000e-01,2.832007199334649616e-01,-3.222739233010191717e-01,-1.249905271475654223e-02,3.326015805618640631e-01,-1.841719066375868130e-01,-4.392178274679803263e-02,2.280524118702699776e-01,-4.407195889442170889e-01,1.957993206125024921e-02,2.737598051238785413e-01,-3.010924923135647746e-01,-1.067082145753778244e-02,3.194671983774871604e-01,-1.614653956829124604e-01,-4.092157497632581409e-02,-5.421980648718294216e-01,-4.469899788099523930e-01,3.687705643333260008e-01,3.827169000533305887e-01,-5.411679585032914686e-01,-4.190150310564662584e-01,4.181104000637734242e-01,-5.421980648718294216e-01,-4.469899788099523930e-01,3.687705643333260008e-01,9.990000000000000000e+02,-3.348631858825683594e-01,-3.665603101253509521e-01,-8.211263418197631836e-01
-5.455253947090686895e-01,-4.246620800096211346e-01,4.070311947456501933e-01,-1.395451111521978094e-01,-1.448362913583088329e-01,-3.593211849659004864e-01,-1.328658246015931021e-01,-1.689309396144639264e-01,-3.197997997183146812e-01,5.000000000000000000e-01,5.000000000000000000e-01,5.000000000000000000e-01,3.059018474774558571e-01,-3.344024233016411607e-01,-1.628138285105773519e-03,3.597064871765692784e-01,-1.979365843030258532e-01,-3.296717996242248816e-02,5.000000000000000000e-01,5.000000000000000000e-01,5.000000000000000000e-01,2.875581561392421825e-01,-3.166268743478642955e-01,-1.419847396633311387e-03,3.369590167676412840e-01,-1.785248576844319368e-01,-3.284257742867480179e-02,-5.421980648718294216e-01,-4.469899788099523930e-01,3.687705643333260008e-01,4.118913488738638051e-01,-5.455253947090686895e-01,-4.246620800096211346e-01,4.070311947456501933e-01,-5.421980648718294216e-01,-4.469899788099523930e-01,3.687705643333260008e-01,9.990000000000000000e+02,-4.073038995265960693e-01,-3.973845541477203369e-01,-8.390560150146484375e-01
-5.502503262208291446e-01,-4.302491685557625067e-01,3.980457122577509832e-01,-1.461092170672926849e-01,-1.432282640227660608e-01,-3.105368487996991167e-01,-1.395451111521978094e-01,-1.448362913583088329e-01,-3.593211849659004864e-01,5.000000000000000000e-01,5.000000000000000000e-01,5.000000000000000000e-01,3.320767846024292869e-01,-3.467845715872021617e-01,1.028314060552149023e-03,3.908639037374215808e-01,-2.123907112829516719e-01,-3.031438742368214312e-02,5.000000000000000000e-01,5.000000000000000000e-01,5.000000000000000000e-01,3.106267789892163123e-01,-3.288153347554997885e-01,7.357344202793436594e-03,3.644314186883297335e-01,-1.923494957568844810e-01,-2.398169747452327805e-02,-5.421980648718294216e-01,-4.469899788099523930e-01,3.687705643333260008e-01,4.458737125790301348e-01,-5.502503262208291446e-01,-4.302491685557625067e-01,3.980457122577509832e-01,-5.421980648718294216e-01,-4.469899788099523930e-01,3.687705643333260008e-01,9.990000000000000000e+02,-3.702858388423919678e-01,-3.749810159206390381e-01,-7.886766195297241211e-01
